tau_tot,omega,g,escape_fraction_top,escape_fraction_bottom,absorbed_fraction
0.1,0.0,0.0,0.7304,0.0,0.2696
0.1,0.11,0.0,0.7452,0.0104,0.2444
0.1,0.22,0.0,0.7514,0.029,0.2196
0.1,0.33,0.0,0.7722,0.04,0.1878
0.1,0.44,0.0,0.7728,0.0522,0.175
0.1,0.55,0.0,0.7862,0.0736,0.1402
0.1,0.66,0.0,0.8064,0.0864,0.1072
0.1,0.77,0.0,0.8264,0.0968,0.0768
0.1,0.88,0.0,0.846,0.1158,0.0382
0.1,0.99,0.0,0.8492,0.1472,0.0036
0.16681005372000587,0.0,0.0,0.6094,0.0,0.3906
0.16681005372000587,0.11,0.0,0.637,0.0132,0.3498
0.16681005372000587,0.22,0.0,0.655,0.0348,0.3102
0.16681005372000587,0.33,0.0,0.6758,0.0534,0.2708
0.16681005372000587,0.44,0.0,0.686,0.0752,0.2388
0.16681005372000587,0.55,0.0,0.6968,0.0992,0.204
0.16681005372000587,0.66,0.0,0.73,0.116,0.154
0.16681005372000587,0.77,0.0,0.7428,0.1484,0.1088
0.16681005372000587,0.88,0.0,0.7676,0.17,0.0624
0.16681005372000587,0.99,0.0,0.8008,0.1932,0.006
0.2782559402207124,0.0,0.0,0.4882,0.0,0.5118
0.2782559402207124,0.11,0.0,0.5156,0.0196,0.4648
0.2782559402207124,0.22,0.0,0.5362,0.0454,0.4184
0.2782559402207124,0.33,0.0,0.5442,0.0674,0.3884
0.2782559402207124,0.44,0.0,0.5678,0.1006,0.3316
0.2782559402207124,0.55,0.0,0.5948,0.1258,0.2794
0.2782559402207124,0.66,0.0,0.6188,0.1638,0.2174
0.2782559402207124,0.77,0.0,0.6438,0.1972,0.159
0.2782559402207124,0.88,0.0,0.6846,0.2286,0.0868
0.2782559402207124,0.99,0.0,0.7222,0.2688,0.009
0.46415888336127786,0.0,0.0,0.3358,0.0,0.6642
0.46415888336127786,0.11,0.0,0.3646,0.0272,0.6082
0.46415888336127786,0.22,0.0,0.3828,0.0478,0.5694
0.46415888336127786,0.33,0.0,0.4076,0.0822,0.5102
0.46415888336127786,0.44,0.0,0.4362,0.1174,0.4464
0.46415888336127786,0.55,0.0,0.4696,0.158,0.3724
0.46415888336127786,0.66,0.0,0.4932,0.1976,0.3092
0.46415888336127786,0.77,0.0,0.5444,0.2356,0.22
0.46415888336127786,0.88,0.0,0.5778,0.3014,0.1208
0.46415888336127786,0.99,0.0,0.6258,0.366,0.0082
0.774263682681127,0.0,0.0,0.2118,0.0,0.7882
0.774263682681127,0.11,0.0,0.2318,0.0346,0.7336
0.774263682681127,0.22,0.0,0.2396,0.056,0.7044
0.774263682681127,0.33,0.0,0.2542,0.096,0.6498
0.774263682681127,0.44,0.0,0.302,0.134,0.564
0.774263682681127,0.55,0.0,0.3252,0.1708,0.504
0.774263682681127,0.66,0.0,0.3594,0.2268,0.4138
0.774263682681127,0.77,0.0,0.388,0.2994,0.3126
0.774263682681127,0.88,0.0,0.454,0.3652,0.1808
0.774263682681127,0.99,0.0,0.5284,0.4526,0.019
1.291549665014884,0.0,0.0,0.0968,0.0,0.9032
1.291549665014884,0.11,0.0,0.109,0.0284,0.8626
1.291549665014884,0.22,0.0,0.1252,0.0602,0.8146
1.291549665014884,0.33,0.0,0.1286,0.1052,0.7662
1.291549665014884,0.44,0.0,0.1476,0.1472,0.7052
1.291549665014884,0.55,0.0,0.1726,0.2028,0.6246
1.291549665014884,0.66,0.0,0.2142,0.2528,0.533
1.291549665014884,0.77,0.0,0.262,0.3266,0.4114
1.291549665014884,0.88,0.0,0.3236,0.4286,0.2478
1.291549665014884,0.99,0.0,0.4144,0.5586,0.027
2.1544346900318834,0.0,0.0,0.0314,0.0,0.9686
2.1544346900318834,0.11,0.0,0.0394,0.0262,0.9344
2.1544346900318834,0.22,0.0,0.0424,0.0596,0.898
2.1544346900318834,0.33,0.0,0.0498,0.0992,0.851
2.1544346900318834,0.44,0.0,0.0588,0.1368,0.8044
2.1544346900318834,0.55,0.0,0.0696,0.2064,0.724
2.1544346900318834,0.66,0.0,0.0952,0.2484,0.6564
2.1544346900318834,0.77,0.0,0.138,0.3332,0.5288
2.1544346900318834,0.88,0.0,0.1784,0.4598,0.3618
2.1544346900318834,0.99,0.0,0.3096,0.6516,0.0388
3.593813663804626,0.0,0.0,0.006,0.0,0.994
3.593813663804626,0.11,0.0,0.0056,0.0272,0.9672
3.593813663804626,0.22,0.0,0.0066,0.0562,0.9372
3.593813663804626,0.33,0.0,0.0066,0.098,0.8954
3.593813663804626,0.44,0.0,0.0152,0.1394,0.8454
3.593813663804626,0.55,0.0,0.0196,0.1972,0.7832
3.593813663804626,0.66,0.0,0.0234,0.2612,0.7154
3.593813663804626,0.77,0.0,0.0416,0.3538,0.6046
3.593813663804626,0.88,0.0,0.0792,0.4774,0.4434
3.593813663804626,0.99,0.0,0.2102,0.7312,0.0586
5.994842503189409,0.0,0.0,0.0002,0.0,0.9998
5.994842503189409,0.11,0.0,0.0008,0.0276,0.9716
5.994842503189409,0.22,0.0,0.001,0.068,0.931
5.994842503189409,0.33,0.0,0.0006,0.1014,0.898
5.994842503189409,0.44,0.0,0.0008,0.1368,0.8624
5.994842503189409,0.55,0.0,0.0018,0.2082,0.79
5.994842503189409,0.66,0.0,0.002,0.272,0.726
5.994842503189409,0.77,0.0,0.0062,0.3582,0.6356
5.994842503189409,0.88,0.0,0.0254,0.4882,0.4864
5.994842503189409,0.99,0.0,0.1196,0.7918,0.0886
10.0,0.0,0.0,0.0,0.0,1.0
10.0,0.11,0.0,0.0,0.0274,0.9726
10.0,0.22,0.0,0.0,0.0644,0.9356
10.0,0.33,0.0,0.0,0.0896,0.9104
10.0,0.44,0.0,0.0,0.1542,0.8458
10.0,0.55,0.0,0.0,0.2024,0.7976
10.0,0.66,0.0,0.0,0.2548,0.7452
10.0,0.77,0.0,0.0004,0.3466,0.653
10.0,0.88,0.0,0.0028,0.4932,0.504
10.0,0.99,0.0,0.062,0.8048,0.1332
0.1,0.0,0.5,0.7246,0.0,0.2754
0.1,0.11,0.5,0.7342,0.0092,0.2566
0.1,0.22,0.5,0.7608,0.0186,0.2206
0.1,0.33,0.5,0.7562,0.0362,0.2076
0.1,0.44,0.5,0.7824,0.043,0.1746
0.1,0.55,0.5,0.8094,0.05,0.1406
0.1,0.66,0.5,0.8252,0.0642,0.1106
0.1,0.77,0.5,0.843,0.0812,0.0758
0.1,0.88,0.5,0.8628,0.0974,0.0398
0.1,0.99,0.5,0.891,0.105,0.004
0.16681005372000587,0.0,0.5,0.6204,0.0,0.3796
0.16681005372000587,0.11,0.5,0.6342,0.0144,0.3514
0.16681005372000587,0.22,0.5,0.6666,0.0252,0.3082
0.16681005372000587,0.33,0.5,0.693,0.0392,0.2678
0.16681005372000587,0.44,0.5,0.6964,0.0564,0.2472
0.16681005372000587,0.55,0.5,0.7392,0.0656,0.1952
0.16681005372000587,0.66,0.5,0.757,0.084,0.159
0.16681005372000587,0.77,0.5,0.7878,0.0994,0.1128
0.16681005372000587,0.88,0.5,0.8144,0.1256,0.06
0.16681005372000587,0.99,0.5,0.8466,0.1488,0.0046
0.2782559402207124,0.0,0.5,0.4736,0.0,0.5264
0.2782559402207124,0.11,0.5,0.5164,0.0138,0.4698
0.2782559402207124,0.22,0.5,0.5406,0.0292,0.4302
0.2782559402207124,0.33,0.5,0.5562,0.046,0.3978
0.2782559402207124,0.44,0.5,0.5934,0.0672,0.3394
0.2782559402207124,0.55,0.5,0.6282,0.0824,0.2894
0.2782559402207124,0.66,0.5,0.6578,0.1178,0.2244
0.2782559402207124,0.77,0.5,0.7014,0.138,0.1606
0.2782559402207124,0.88,0.5,0.7476,0.1684,0.084
0.2782559402207124,0.99,0.5,0.7958,0.1972,0.007
0.46415888336127786,0.0,0.5,0.3454,0.0,0.6546
0.46415888336127786,0.11,0.5,0.36,0.015,0.625
0.46415888336127786,0.22,0.5,0.4012,0.032,0.5668
0.46415888336127786,0.33,0.5,0.4278,0.0552,0.517
0.46415888336127786,0.44,0.5,0.468,0.0734,0.4586
0.46415888336127786,0.55,0.5,0.5198,0.1054,0.3748
0.46415888336127786,0.66,0.5,0.5578,0.1372,0.305
0.46415888336127786,0.77,0.5,0.6006,0.1684,0.231
0.46415888336127786,0.88,0.5,0.6572,0.2184,0.1244
0.46415888336127786,0.99,0.5,0.7224,0.2696,0.008
0.774263682681127,0.0,0.5,0.2152,0.0,0.7848
0.774263682681127,0.11,0.5,0.2236,0.016,0.7604
0.774263682681127,0.22,0.5,0.2516,0.0398,0.7086
0.774263682681127,0.33,0.5,0.2832,0.0628,0.654
0.774263682681127,0.44,0.5,0.3258,0.0846,0.5896
0.774263682681127,0.55,0.5,0.3636,0.124,0.5124
0.774263682681127,0.66,0.5,0.4152,0.1554,0.4294
0.774263682681127,0.77,0.5,0.4768,0.201,0.3222
0.774263682681127,0.88,0.5,0.5418,0.2704,0.1878
0.774263682681127,0.99,0.5,0.6398,0.343,0.0172
1.291549665014884,0.0,0.5,0.097,0.0,0.903
1.291549665014884,0.11,0.5,0.1244,0.0184,0.8572
1.291549665014884,0.22,0.5,0.1344,0.0386,0.827
1.291549665014884,0.33,0.5,0.1608,0.0628,0.7764
1.291549665014884,0.44,0.5,0.1866,0.0928,0.7206
1.291549665014884,0.55,0.5,0.226,0.1274,0.6466
1.291549665014884,0.66,0.5,0.2678,0.1748,0.5574
1.291549665014884,0.77,0.5,0.335,0.2372,0.4278
1.291549665014884,0.88,0.5,0.4176,0.3118,0.2706
1.291549665014884,0.99,0.5,0.5436,0.4306,0.0258
2.1544346900318834,0.0,0.5,0.034,0.0,0.966
2.1544346900318834,0.11,0.5,0.043,0.0184,0.9386
2.1544346900318834,0.22,0.5,0.0518,0.0412,0.907
2.1544346900318834,0.33,0.5,0.06,0.0678,0.8722
2.1544346900318834,0.44,0.5,0.0856,0.097,0.8174
2.1544346900318834,0.55,0.5,0.1132,0.1284,0.7584
2.1544346900318834,0.66,0.5,0.1386,0.1866,0.6748
2.1544346900318834,0.77,0.5,0.1998,0.2556,0.5446
2.1544346900318834,0.88,0.5,0.2872,0.3562,0.3566
2.1544346900318834,0.99,0.5,0.4374,0.5212,0.0414
3.593813663804626,0.0,0.5,0.0056,0.0,0.9944
3.593813663804626,0.11,0.5,0.0086,0.0148,0.9766
3.593813663804626,0.22,0.5,0.0082,0.0372,0.9546
3.593813663804626,0.33,0.5,0.015,0.0646,0.9204
3.593813663804626,0.44,0.5,0.0182,0.0942,0.8876
3.593813663804626,0.55,0.5,0.0352,0.1318,0.833
3.593813663804626,0.66,0.5,0.0524,0.1786,0.769
3.593813663804626,0.77,0.5,0.0782,0.2642,0.6576
3.593813663804626,0.88,0.5,0.1578,0.3718,0.4704
3.593813663804626,0.99,0.5,0.3414,0.5992,0.0594
5.994842503189409,0.0,0.5,0.001,0.0,0.999
5.994842503189409,0.11,0.5,0.0002,0.0178,0.982
5.994842503189409,0.22,0.5,0.0008,0.0362,0.963
5.994842503189409,0.33,0.5,0.0016,0.066,0.9324
5.994842503189409,0.44,0.5,0.003,0.0956,0.9014
5.994842503189409,0.55,0.5,0.0042,0.1372,0.8586
5.994842503189409,0.66,0.5,0.0102,0.178,0.8118
5.994842503189409,0.77,0.5,0.0218,0.2534,0.7248
5.994842503189409,0.88,0.5,0.0518,0.3802,0.568
5.994842503189409,0.99,0.5,0.2194,0.6864,0.0942
10.0,0.0,0.5,0.0,0.0,1.0
10.0,0.11,0.5,0.0,0.0188,0.9812
10.0,0.22,0.5,0.0,0.0398,0.9602
10.0,0.33,0.5,0.0002,0.0622,0.9376
10.0,0.44,0.5,0.0002,0.0928,0.907
10.0,0.55,0.5,0.0,0.1314,0.8686
10.0,0.66,0.5,0.0012,0.1796,0.8192
10.0,0.77,0.5,0.0018,0.2622,0.736
10.0,0.88,0.5,0.0118,0.384,0.6042
10.0,0.99,0.5,0.1286,0.7162,0.1552
0.1,0.0,0.9,0.7278,0.0,0.2722
0.1,0.11,0.9,0.7396,0.0022,0.2582
0.1,0.22,0.9,0.7536,0.0086,0.2378
0.1,0.33,0.9,0.7768,0.016,0.2072
0.1,0.44,0.9,0.81,0.0158,0.1742
0.1,0.55,0.9,0.8214,0.0294,0.1492
0.1,0.66,0.9,0.8528,0.034,0.1132
0.1,0.77,0.9,0.8738,0.0424,0.0838
0.1,0.88,0.9,0.9096,0.0478,0.0426
0.1,0.99,0.9,0.9358,0.06,0.0042
0.16681005372000587,0.0,0.9,0.6172,0.0,0.3828
0.16681005372000587,0.11,0.9,0.6406,0.0038,0.3556
0.16681005372000587,0.22,0.9,0.6696,0.0102,0.3202
0.16681005372000587,0.33,0.9,0.7044,0.0152,0.2804
0.16681005372000587,0.44,0.9,0.731,0.023,0.246
0.16681005372000587,0.55,0.9,0.757,0.0298,0.2132
0.16681005372000587,0.66,0.9,0.7954,0.0374,0.1672
0.16681005372000587,0.77,0.9,0.8382,0.0518,0.11
0.16681005372000587,0.88,0.9,0.8848,0.0554,0.0598
0.16681005372000587,0.99,0.9,0.9132,0.0804,0.0064
0.2782559402207124,0.0,0.9,0.5046,0.0,0.4954
0.2782559402207124,0.11,0.9,0.5142,0.0046,0.4812
0.2782559402207124,0.22,0.9,0.543,0.0108,0.4462
0.2782559402207124,0.33,0.9,0.5974,0.0216,0.381
0.2782559402207124,0.44,0.9,0.6346,0.0248,0.3406
0.2782559402207124,0.55,0.9,0.6654,0.0392,0.2954
0.2782559402207124,0.66,0.9,0.718,0.0524,0.2296
0.2782559402207124,0.77,0.9,0.7662,0.0594,0.1744
0.2782559402207124,0.88,0.9,0.8312,0.0762,0.0926
0.2782559402207124,0.99,0.9,0.8828,0.1086,0.0086
0.46415888336127786,0.0,0.9,0.342,0.0,0.658
0.46415888336127786,0.11,0.9,0.3802,0.0066,0.6132
0.46415888336127786,0.22,0.9,0.408,0.0102,0.5818
0.46415888336127786,0.33,0.9,0.4542,0.0218,0.524
0.46415888336127786,0.44,0.9,0.4966,0.0302,0.4732
0.46415888336127786,0.55,0.9,0.5394,0.0442,0.4164
0.46415888336127786,0.66,0.9,0.5948,0.0546,0.3506
0.46415888336127786,0.77,0.9,0.671,0.0734,0.2556
0.46415888336127786,0.88,0.9,0.7524,0.0976,0.15
0.46415888336127786,0.99,0.9,0.8552,0.1322,0.0126
0.774263682681127,0.0,0.9,0.2038,0.0,0.7962
0.774263682681127,0.11,0.9,0.2278,0.0054,0.7668
0.774263682681127,0.22,0.9,0.2688,0.011,0.7202
0.774263682681127,0.33,0.9,0.318,0.0204,0.6616
0.774263682681127,0.44,0.9,0.357,0.0318,0.6112
0.774263682681127,0.55,0.9,0.4182,0.0474,0.5344
0.774263682681127,0.66,0.9,0.4688,0.062,0.4692
0.774263682681127,0.77,0.9,0.5714,0.0844,0.3442
0.774263682681127,0.88,0.9,0.6804,0.1214,0.1982
0.774263682681127,0.99,0.9,0.8112,0.1682,0.0206
1.291549665014884,0.0,0.9,0.0908,0.0,0.9092
1.291549665014884,0.11,0.9,0.1096,0.0062,0.8842
1.291549665014884,0.22,0.9,0.1388,0.0134,0.8478
1.291549665014884,0.33,0.9,0.1734,0.019,0.8076
1.291549665014884,0.44,0.9,0.2134,0.0298,0.7568
1.291549665014884,0.55,0.9,0.2656,0.0468,0.6876
1.291549665014884,0.66,0.9,0.3466,0.0626,0.5908
1.291549665014884,0.77,0.9,0.4452,0.094,0.4608
1.291549665014884,0.88,0.9,0.5598,0.142,0.2982
1.291549665014884,0.99,0.9,0.7548,0.2148,0.0304
2.1544346900318834,0.0,0.9,0.0298,0.0,0.9702
2.1544346900318834,0.11,0.9,0.044,0.0058,0.9502
2.1544346900318834,0.22,0.9,0.0574,0.0156,0.927
2.1544346900318834,0.33,0.9,0.0698,0.021,0.9092
2.1544346900318834,0.44,0.9,0.1132,0.0346,0.8522
2.1544346900318834,0.55,0.9,0.1472,0.044,0.8088
2.1544346900318834,0.66,0.9,0.2052,0.067,0.7278
2.1544346900318834,0.77,0.9,0.2926,0.1066,0.6008
2.1544346900318834,0.88,0.9,0.4368,0.152,0.4112
2.1544346900318834,0.99,0.9,0.6824,0.2732,0.0444
3.593813663804626,0.0,0.9,0.0048,0.0,0.9952
3.593813663804626,0.11,0.9,0.0066,0.0058,0.9876
3.593813663804626,0.22,0.9,0.0108,0.0132,0.976
3.593813663804626,0.33,0.9,0.0214,0.022,0.9566
3.593813663804626,0.44,0.9,0.0354,0.0336,0.931
3.593813663804626,0.55,0.9,0.0562,0.0468,0.897
3.593813663804626,0.66,0.9,0.091,0.07,0.839
3.593813663804626,0.77,0.9,0.1676,0.1044,0.728
3.593813663804626,0.88,0.9,0.294,0.1726,0.5334
3.593813663804626,0.99,0.9,0.5974,0.3288,0.0738
5.994842503189409,0.0,0.9,0.0006,0.0,0.9994
5.994842503189409,0.11,0.9,0.0014,0.0044,0.9942
5.994842503189409,0.22,0.9,0.001,0.012,0.987
5.994842503189409,0.33,0.9,0.0022,0.0246,0.9732
5.994842503189409,0.44,0.9,0.0058,0.0328,0.9614
5.994842503189409,0.55,0.9,0.0132,0.0418,0.945
5.994842503189409,0.66,0.9,0.0308,0.0716,0.8976
5.994842503189409,0.77,0.9,0.0616,0.1046,0.8338
5.994842503189409,0.88,0.9,0.1552,0.1732,0.6716
5.994842503189409,0.99,0.9,0.4894,0.4022,0.1084
10.0,0.0,0.9,0.0,0.0,1.0
10.0,0.11,0.9,0.0,0.0092,0.9908
10.0,0.22,0.9,0.0,0.0116,0.9884
10.0,0.33,0.9,0.0002,0.0256,0.9742
10.0,0.44,0.9,0.0,0.0336,0.9664
10.0,0.55,0.9,0.0004,0.046,0.9536
10.0,0.66,0.9,0.0022,0.0742,0.9236
10.0,0.77,0.9,0.0134,0.103,0.8836
10.0,0.88,0.9,0.0586,0.1828,0.7586
10.0,0.99,0.9,0.3784,0.451,0.1706
