tau_tot,omega,escape_fraction,mean_scatterings
0.1,0.0,0.72226,0.0
0.1,0.03413793103448276,0.72614,0.00974
0.1,0.06827586206896552,0.7283,0.01914
0.1,0.10241379310344828,0.73472,0.02782
0.1,0.13655172413793104,0.74056,0.03878
0.1,0.1706896551724138,0.74218,0.04954
0.1,0.20482758620689656,0.74826,0.05714
0.1,0.23896551724137932,0.75152,0.07082
0.1,0.2731034482758621,0.75652,0.07648
0.1,0.30724137931034484,0.75812,0.09188
0.1,0.3413793103448276,0.76192,0.1001
0.1,0.37551724137931036,0.76712,0.11048
0.1,0.4096551724137931,0.77012,0.12218
0.1,0.4437931034482759,0.77718,0.13406
0.1,0.47793103448275864,0.78258,0.14186
0.1,0.5120689655172415,0.78668,0.15716
0.1,0.5462068965517242,0.79506,0.16284
0.1,0.5803448275862069,0.79622,0.17666
0.1,0.6144827586206897,0.8005,0.18912
0.1,0.6486206896551725,0.80816,0.2011
0.1,0.6827586206896552,0.81068,0.20828
0.1,0.7168965517241379,0.81512,0.22706
0.1,0.7510344827586207,0.81966,0.23806
0.1,0.7851724137931035,0.82418,0.2478
0.1,0.8193103448275862,0.82912,0.2598
0.1,0.853448275862069,0.83682,0.27214
0.1,0.8875862068965518,0.83998,0.28528
0.1,0.9217241379310346,0.84764,0.29784
0.1,0.9558620689655173,0.8471,0.3185
0.1,0.99,0.85596,0.32698
0.11721022975334802,0.0,0.69178,0.0
0.11721022975334802,0.03413793103448276,0.69878,0.0109
0.11721022975334802,0.06827586206896552,0.70194,0.02118
0.11721022975334802,0.10241379310344828,0.70512,0.03366
0.11721022975334802,0.13655172413793104,0.70352,0.0441
0.11721022975334802,0.1706896551724138,0.71742,0.05514
0.11721022975334802,0.20482758620689656,0.72122,0.06404
0.11721022975334802,0.23896551724137932,0.71866,0.07554
0.11721022975334802,0.2731034482758621,0.72418,0.08954
0.11721022975334802,0.30724137931034484,0.73164,0.10078
0.11721022975334802,0.3413793103448276,0.73474,0.11286
0.11721022975334802,0.37551724137931036,0.73912,0.12818
0.11721022975334802,0.4096551724137931,0.74826,0.13594
0.11721022975334802,0.4437931034482759,0.75384,0.1483
0.11721022975334802,0.47793103448275864,0.7572,0.16118
0.11721022975334802,0.5120689655172415,0.75738,0.1752
0.11721022975334802,0.5462068965517242,0.76518,0.18892
0.11721022975334802,0.5803448275862069,0.76996,0.2008
0.11721022975334802,0.6144827586206897,0.77712,0.21204
0.11721022975334802,0.6486206896551725,0.78324,0.22762
0.11721022975334802,0.6827586206896552,0.7875,0.23682
0.11721022975334802,0.7168965517241379,0.79298,0.2533
0.11721022975334802,0.7510344827586207,0.80132,0.26458
0.11721022975334802,0.7851724137931035,0.80396,0.28266
0.11721022975334802,0.8193103448275862,0.81174,0.29548
0.11721022975334802,0.853448275862069,0.8149,0.3104
0.11721022975334802,0.8875862068965518,0.82124,0.32694
0.11721022975334802,0.9217241379310346,0.8279,0.3363
0.11721022975334802,0.9558620689655173,0.8316,0.35014
0.11721022975334802,0.99,0.84118,0.36866
0.1373823795883263,0.0,0.66106,0.0
0.1373823795883263,0.03413793103448276,0.66434,0.01166
0.1373823795883263,0.06827586206896552,0.66712,0.02318
0.1373823795883263,0.10241379310344828,0.67226,0.0368
0.1373823795883263,0.13655172413793104,0.67958,0.04776
0.1373823795883263,0.1706896551724138,0.6838,0.0602
0.1373823795883263,0.20482758620689656,0.6887,0.0706
0.1373823795883263,0.23896551724137932,0.68708,0.08646
0.1373823795883263,0.2731034482758621,0.69768,0.09928
0.1373823795883263,0.30724137931034484,0.70122,0.11136
0.1373823795883263,0.3413793103448276,0.70772,0.12246
0.1373823795883263,0.37551724137931036,0.71226,0.13796
0.1373823795883263,0.4096551724137931,0.7181,0.15084
0.1373823795883263,0.4437931034482759,0.7215,0.16508
0.1373823795883263,0.47793103448275864,0.72874,0.18096
0.1373823795883263,0.5120689655172415,0.73432,0.19542
0.1373823795883263,0.5462068965517242,0.73878,0.21126
0.1373823795883263,0.5803448275862069,0.74632,0.22198
0.1373823795883263,0.6144827586206897,0.75518,0.23616
0.1373823795883263,0.6486206896551725,0.76148,0.25208
0.1373823795883263,0.6827586206896552,0.76542,0.26868
0.1373823795883263,0.7168965517241379,0.76888,0.28158
0.1373823795883263,0.7510344827586207,0.7771,0.30658
0.1373823795883263,0.7851724137931035,0.7814,0.31798
0.1373823795883263,0.8193103448275862,0.78676,0.33238
0.1373823795883263,0.853448275862069,0.79374,0.35048
0.1373823795883263,0.8875862068965518,0.79944,0.36628
0.1373823795883263,0.9217241379310346,0.8094,0.3895
0.1373823795883263,0.9558620689655173,0.8174,0.39944
0.1373823795883263,0.99,0.8202,0.42416
0.16102620275609392,0.0,0.6279,0.0
0.16102620275609392,0.03413793103448276,0.62556,0.013
0.16102620275609392,0.06827586206896552,0.63306,0.02582
0.16102620275609392,0.10241379310344828,0.641,0.03814
0.16102620275609392,0.13655172413793104,0.64572,0.05324
0.16102620275609392,0.1706896551724138,0.65152,0.06828
0.16102620275609392,0.20482758620689656,0.65158,0.081
0.16102620275609392,0.23896551724137932,0.65916,0.0969
0.16102620275609392,0.2731034482758621,0.66564,0.11084
0.16102620275609392,0.30724137931034484,0.66884,0.12514
0.16102620275609392,0.3413793103448276,0.67772,0.13944
0.16102620275609392,0.37551724137931036,0.684,0.15302
0.16102620275609392,0.4096551724137931,0.68966,0.17064
0.16102620275609392,0.4437931034482759,0.69144,0.18678
0.16102620275609392,0.47793103448275864,0.69704,0.19996
0.16102620275609392,0.5120689655172415,0.70394,0.21402
0.16102620275609392,0.5462068965517242,0.70996,0.23436
0.16102620275609392,0.5803448275862069,0.71864,0.24652
0.16102620275609392,0.6144827586206897,0.7247,0.26466
0.16102620275609392,0.6486206896551725,0.73068,0.28196
0.16102620275609392,0.6827586206896552,0.73574,0.3018
0.16102620275609392,0.7168965517241379,0.74484,0.32344
0.16102620275609392,0.7510344827586207,0.75382,0.33842
0.16102620275609392,0.7851724137931035,0.75942,0.36154
0.16102620275609392,0.8193103448275862,0.76492,0.3796
0.16102620275609392,0.853448275862069,0.77152,0.39362
0.16102620275609392,0.8875862068965518,0.78234,0.41084
0.16102620275609392,0.9217241379310346,0.78938,0.42454
0.16102620275609392,0.9558620689655173,0.79402,0.45696
0.16102620275609392,0.99,0.80282,0.47302
0.18873918221350972,0.0,0.58872,0.0
0.18873918221350972,0.03413793103448276,0.59292,0.0135
0.18873918221350972,0.06827586206896552,0.5981,0.02942
0.18873918221350972,0.10241379310344828,0.6011,0.04262
0.18873918221350972,0.13655172413793104,0.6139,0.05892
0.18873918221350972,0.1706896551724138,0.61114,0.07352
0.18873918221350972,0.20482758620689656,0.6194,0.08806
0.18873918221350972,0.23896551724137932,0.62758,0.10462
0.18873918221350972,0.2731034482758621,0.62864,0.1197
0.18873918221350972,0.30724137931034484,0.63646,0.1378
0.18873918221350972,0.3413793103448276,0.64438,0.15286
0.18873918221350972,0.37551724137931036,0.6509,0.1716
0.18873918221350972,0.4096551724137931,0.65496,0.18488
0.18873918221350972,0.4437931034482759,0.66116,0.20612
0.18873918221350972,0.47793103448275864,0.667,0.22386
0.18873918221350972,0.5120689655172415,0.67746,0.2383
0.18873918221350972,0.5462068965517242,0.67754,0.26158
0.18873918221350972,0.5803448275862069,0.68834,0.27692
0.18873918221350972,0.6144827586206897,0.69302,0.29672
0.18873918221350972,0.6486206896551725,0.70414,0.31364
0.18873918221350972,0.6827586206896552,0.71016,0.33768
0.18873918221350972,0.7168965517241379,0.70922,0.36324
0.18873918221350972,0.7510344827586207,0.7221,0.38292
0.18873918221350972,0.7851724137931035,0.73162,0.40126
0.18873918221350972,0.8193103448275862,0.73842,0.42678
0.18873918221350972,0.853448275862069,0.74964,0.4454
0.18873918221350972,0.8875862068965518,0.75686,0.47028
0.18873918221350972,0.9217241379310346,0.76496,0.49598
0.18873918221350972,0.9558620689655173,0.77194,0.51606
0.18873918221350972,0.99,0.7859,0.53574
0.2212216291070449,0.0,0.55066,0.0
0.2212216291070449,0.03413793103448276,0.55234,0.01538
0.2212216291070449,0.06827586206896552,0.56062,0.03198
0.2212216291070449,0.10241379310344828,0.56552,0.04726
0.2212216291070449,0.13655172413793104,0.57066,0.06664
0.2212216291070449,0.1706896551724138,0.57686,0.08176
0.2212216291070449,0.20482758620689656,0.586,0.09744
0.2212216291070449,0.23896551724137932,0.59234,0.11472
0.2212216291070449,0.2731034482758621,0.5916,0.13428
0.2212216291070449,0.30724137931034484,0.60008,0.14984
0.2212216291070449,0.3413793103448276,0.60814,0.17082
0.2212216291070449,0.37551724137931036,0.61512,0.18892
0.2212216291070449,0.4096551724137931,0.61816,0.20632
0.2212216291070449,0.4437931034482759,0.62664,0.23
0.2212216291070449,0.47793103448275864,0.6332,0.25004
0.2212216291070449,0.5120689655172415,0.63996,0.26784
0.2212216291070449,0.5462068965517242,0.64832,0.2876
0.2212216291070449,0.5803448275862069,0.6543,0.3146
0.2212216291070449,0.6144827586206897,0.66564,0.33396
0.2212216291070449,0.6486206896551725,0.6753,0.35228
0.2212216291070449,0.6827586206896552,0.67972,0.37792
0.2212216291070449,0.7168965517241379,0.68822,0.40102
0.2212216291070449,0.7510344827586207,0.69506,0.42624
0.2212216291070449,0.7851724137931035,0.70352,0.44588
0.2212216291070449,0.8193103448275862,0.71378,0.47554
0.2212216291070449,0.853448275862069,0.7226,0.50126
0.2212216291070449,0.8875862068965518,0.73046,0.53578
0.2212216291070449,0.9217241379310346,0.73944,0.55562
0.2212216291070449,0.9558620689655173,0.74932,0.5853
0.2212216291070449,0.99,0.7603,0.61108
0.2592943797404667,0.0,0.50796,0.0
0.2592943797404667,0.03413793103448276,0.51246,0.01614
0.2592943797404667,0.06827586206896552,0.51826,0.03356
0.2592943797404667,0.10241379310344828,0.52596,0.05168
0.2592943797404667,0.13655172413793104,0.5278,0.0708
0.2592943797404667,0.1706896551724138,0.53446,0.08968
0.2592943797404667,0.20482758620689656,0.54708,0.10894
0.2592943797404667,0.23896551724137932,0.54762,0.12656
0.2592943797404667,0.2731034482758621,0.55328,0.1438
0.2592943797404667,0.30724137931034484,0.5608,0.16432
0.2592943797404667,0.3413793103448276,0.56896,0.18778
0.2592943797404667,0.37551724137931036,0.5749,0.20924
0.2592943797404667,0.4096551724137931,0.57836,0.23324
0.2592943797404667,0.4437931034482759,0.5878,0.25374
0.2592943797404667,0.47793103448275864,0.59658,0.27508
0.2592943797404667,0.5120689655172415,0.60544,0.2975
0.2592943797404667,0.5462068965517242,0.61256,0.3255
0.2592943797404667,0.5803448275862069,0.62066,0.34232
0.2592943797404667,0.6144827586206897,0.62584,0.3683
0.2592943797404667,0.6486206896551725,0.6305,0.40328
0.2592943797404667,0.6827586206896552,0.64518,0.42678
0.2592943797404667,0.7168965517241379,0.65108,0.4533
0.2592943797404667,0.7510344827586207,0.66388,0.47452
0.2592943797404667,0.7851724137931035,0.67402,0.5103
0.2592943797404667,0.8193103448275862,0.68384,0.53546
0.2592943797404667,0.853448275862069,0.69296,0.56388
0.2592943797404667,0.8875862068965518,0.70438,0.59892
0.2592943797404667,0.9217241379310346,0.71362,0.63544
0.2592943797404667,0.9558620689655173,0.72534,0.65764
0.2592943797404667,0.99,0.73596,0.6943
0.30391953823131973,0.0,0.4706,0.0
0.30391953823131973,0.03413793103448276,0.47076,0.0182
0.30391953823131973,0.06827586206896552,0.47698,0.03602
0.30391953823131973,0.10241379310344828,0.48436,0.05514
0.30391953823131973,0.13655172413793104,0.48824,0.0746
0.30391953823131973,0.1706896551724138,0.4974,0.09478
0.30391953823131973,0.20482758620689656,0.50186,0.11638
0.30391953823131973,0.23896551724137932,0.50858,0.14044
0.30391953823131973,0.2731034482758621,0.51872,0.15914
0.30391953823131973,0.30724137931034484,0.52378,0.18068
0.30391953823131973,0.3413793103448276,0.53236,0.20612
0.30391953823131973,0.37551724137931036,0.53532,0.22774
0.30391953823131973,0.4096551724137931,0.54306,0.25176
0.30391953823131973,0.4437931034482759,0.55084,0.28276
0.30391953823131973,0.47793103448275864,0.55742,0.30368
0.30391953823131973,0.5120689655172415,0.56876,0.32938
0.30391953823131973,0.5462068965517242,0.57386,0.35794
0.30391953823131973,0.5803448275862069,0.5819,0.38358
0.30391953823131973,0.6144827586206897,0.59342,0.4121
0.30391953823131973,0.6486206896551725,0.59872,0.44128
0.30391953823131973,0.6827586206896552,0.61468,0.47402
0.30391953823131973,0.7168965517241379,0.62314,0.50556
0.30391953823131973,0.7510344827586207,0.62696,0.53178
0.30391953823131973,0.7851724137931035,0.63778,0.56926
0.30391953823131973,0.8193103448275862,0.65032,0.59944
0.30391953823131973,0.853448275862069,0.66258,0.63688
0.30391953823131973,0.8875862068965518,0.6727,0.67198
0.30391953823131973,0.9217241379310346,0.68354,0.70664
0.30391953823131973,0.9558620689655173,0.69978,0.74626
0.30391953823131973,0.99,0.71194,0.79388
0.3562247890262442,0.0,0.42282,0.0
0.3562247890262442,0.03413793103448276,0.42492,0.0187
0.3562247890262442,0.06827586206896552,0.43138,0.03972
0.3562247890262442,0.10241379310344828,0.43672,0.06094
0.3562247890262442,0.13655172413793104,0.4462,0.08156
0.3562247890262442,0.1706896551724138,0.44844,0.10538
0.3562247890262442,0.20482758620689656,0.45926,0.12836
0.3562247890262442,0.23896551724137932,0.46504,0.15076
0.3562247890262442,0.2731034482758621,0.46764,0.17566
0.3562247890262442,0.30724137931034484,0.47618,0.20162
0.3562247890262442,0.3413793103448276,0.4874,0.22672
0.3562247890262442,0.37551724137931036,0.49662,0.24924
0.3562247890262442,0.4096551724137931,0.50352,0.27482
0.3562247890262442,0.4437931034482759,0.50944,0.3043
0.3562247890262442,0.47793103448275864,0.52098,0.33316
0.3562247890262442,0.5120689655172415,0.52524,0.36566
0.3562247890262442,0.5462068965517242,0.53808,0.39776
0.3562247890262442,0.5803448275862069,0.54248,0.4244
0.3562247890262442,0.6144827586206897,0.55262,0.45738
0.3562247890262442,0.6486206896551725,0.56518,0.49262
0.3562247890262442,0.6827586206896552,0.57498,0.52704
0.3562247890262442,0.7168965517241379,0.58466,0.56394
0.3562247890262442,0.7510344827586207,0.59218,0.59534
0.3562247890262442,0.7851724137931035,0.60214,0.63396
0.3562247890262442,0.8193103448275862,0.6192,0.67204
0.3562247890262442,0.853448275862069,0.62584,0.72418
0.3562247890262442,0.8875862068965518,0.64262,0.76116
0.3562247890262442,0.9217241379310346,0.65642,0.80668
0.3562247890262442,0.9558620689655173,0.66418,0.84826
0.3562247890262442,0.99,0.6815,0.89484
0.41753189365604015,0.0,0.3769,0.0
0.41753189365604015,0.03413793103448276,0.38466,0.02176
0.41753189365604015,0.06827586206896552,0.39194,0.0447
0.41753189365604015,0.10241379310344828,0.39448,0.06458
0.41753189365604015,0.13655172413793104,0.39776,0.0891
0.41753189365604015,0.1706896551724138,0.4083,0.11456
0.41753189365604015,0.20482758620689656,0.41342,0.13896
0.41753189365604015,0.23896551724137932,0.42272,0.16064
0.41753189365604015,0.2731034482758621,0.42706,0.189
0.41753189365604015,0.30724137931034484,0.43514,0.21782
0.41753189365604015,0.3413793103448276,0.44502,0.24168
0.41753189365604015,0.37551724137931036,0.454,0.2765
0.41753189365604015,0.4096551724137931,0.4577,0.30196
0.41753189365604015,0.4437931034482759,0.46552,0.33356
0.41753189365604015,0.47793103448275864,0.47714,0.36474
0.41753189365604015,0.5120689655172415,0.482,0.4032
0.41753189365604015,0.5462068965517242,0.49392,0.43642
0.41753189365604015,0.5803448275862069,0.49764,0.4736
0.41753189365604015,0.6144827586206897,0.51526,0.50624
0.41753189365604015,0.6486206896551725,0.52288,0.53858
0.41753189365604015,0.6827586206896552,0.53478,0.58524
0.41753189365604015,0.7168965517241379,0.53968,0.6271
0.41753189365604015,0.7510344827586207,0.55912,0.6648
0.41753189365604015,0.7851724137931035,0.57018,0.71062
0.41753189365604015,0.8193103448275862,0.58708,0.74836
0.41753189365604015,0.853448275862069,0.59324,0.80278
0.41753189365604015,0.8875862068965518,0.61302,0.85224
0.41753189365604015,0.9217241379310346,0.61944,0.9099
0.41753189365604015,0.9558620689655173,0.6359,0.95796
0.41753189365604015,0.99,0.6567,1.01866
0.4893900918477494,0.0,0.33096,0.0
0.4893900918477494,0.03413793103448276,0.33442,0.02406
0.4893900918477494,0.06827586206896552,0.34452,0.04462
0.4893900918477494,0.10241379310344828,0.34812,0.07158
0.4893900918477494,0.13655172413793104,0.35826,0.09784
0.4893900918477494,0.1706896551724138,0.35996,0.12294
0.4893900918477494,0.20482758620689656,0.36866,0.14724
0.4893900918477494,0.23896551724137932,0.37642,0.17716
0.4893900918477494,0.2731034482758621,0.38056,0.20778
0.4893900918477494,0.30724137931034484,0.39154,0.23852
0.4893900918477494,0.3413793103448276,0.3983,0.27324
0.4893900918477494,0.37551724137931036,0.40332,0.29844
0.4893900918477494,0.4096551724137931,0.41928,0.3257
0.4893900918477494,0.4437931034482759,0.42522,0.36528
0.4893900918477494,0.47793103448275864,0.43412,0.40502
0.4893900918477494,0.5120689655172415,0.44424,0.43662
0.4893900918477494,0.5462068965517242,0.44802,0.47034
0.4893900918477494,0.5803448275862069,0.45874,0.515
0.4893900918477494,0.6144827586206897,0.47076,0.56254
0.4893900918477494,0.6486206896551725,0.48324,0.60736
0.4893900918477494,0.6827586206896552,0.4927,0.6471
0.4893900918477494,0.7168965517241379,0.4999,0.696
0.4893900918477494,0.7510344827586207,0.5185,0.7442
0.4893900918477494,0.7851724137931035,0.53316,0.79158
0.4893900918477494,0.8193103448275862,0.54754,0.84188
0.4893900918477494,0.853448275862069,0.55716,0.90652
0.4893900918477494,0.8875862068965518,0.57806,0.95618
0.4893900918477494,0.9217241379310346,0.59076,1.02226
0.4893900918477494,0.9558620689655173,0.60796,1.08934
0.4893900918477494,0.99,0.62066,1.1624
0.5736152510448679,0.0,0.2899,0.0
0.5736152510448679,0.03413793103448276,0.29328,0.0251
0.5736152510448679,0.06827586206896552,0.30026,0.05174
0.5736152510448679,0.10241379310344828,0.30438,0.07622
0.5736152510448679,0.13655172413793104,0.31494,0.10546
0.5736152510448679,0.1706896551724138,0.3187,0.13236
0.5736152510448679,0.20482758620689656,0.32244,0.15996
0.5736152510448679,0.23896551724137932,0.33126,0.1919
0.5736152510448679,0.2731034482758621,0.33552,0.2209
0.5736152510448679,0.30724137931034484,0.34838,0.2549
0.5736152510448679,0.3413793103448276,0.35198,0.28978
0.5736152510448679,0.37551724137931036,0.36184,0.32768
0.5736152510448679,0.4096551724137931,0.36676,0.36506
0.5736152510448679,0.4437931034482759,0.37728,0.39082
0.5736152510448679,0.47793103448275864,0.38928,0.44298
0.5736152510448679,0.5120689655172415,0.3984,0.47984
0.5736152510448679,0.5462068965517242,0.40592,0.52188
0.5736152510448679,0.5803448275862069,0.41396,0.56804
0.5736152510448679,0.6144827586206897,0.42882,0.61306
0.5736152510448679,0.6486206896551725,0.44024,0.67186
0.5736152510448679,0.6827586206896552,0.44984,0.70842
0.5736152510448679,0.7168965517241379,0.46458,0.76536
0.5736152510448679,0.7510344827586207,0.47428,0.82532
0.5736152510448679,0.7851724137931035,0.49156,0.87572
0.5736152510448679,0.8193103448275862,0.50484,0.94502
0.5736152510448679,0.853448275862069,0.51946,1.01026
0.5736152510448679,0.8875862068965518,0.53978,1.08386
0.5736152510448679,0.9217241379310346,0.55776,1.15224
0.5736152510448679,0.9558620689655173,0.5745,1.22412
0.5736152510448679,0.99,0.59558,1.3122
0.6723357536499337,0.0,0.24542,0.0
0.6723357536499337,0.03413793103448276,0.25278,0.02684
0.6723357536499337,0.06827586206896552,0.25574,0.05404
0.6723357536499337,0.10241379310344828,0.264,0.08104
0.6723357536499337,0.13655172413793104,0.2684,0.11162
0.6723357536499337,0.1706896551724138,0.27118,0.14506
0.6723357536499337,0.20482758620689656,0.27824,0.17226
0.6723357536499337,0.23896551724137932,0.28528,0.20836
0.6723357536499337,0.2731034482758621,0.29022,0.24198
0.6723357536499337,0.30724137931034484,0.29868,0.27444
0.6723357536499337,0.3413793103448276,0.30918,0.30766
0.6723357536499337,0.37551724137931036,0.31626,0.3487
0.6723357536499337,0.4096551724137931,0.3243,0.38864
0.6723357536499337,0.4437931034482759,0.33276,0.43416
0.6723357536499337,0.47793103448275864,0.34092,0.47942
0.6723357536499337,0.5120689655172415,0.34818,0.526
0.6723357536499337,0.5462068965517242,0.3607,0.56306
0.6723357536499337,0.5803448275862069,0.37388,0.61632
0.6723357536499337,0.6144827586206897,0.37732,0.66612
0.6723357536499337,0.6486206896551725,0.39008,0.72062
0.6723357536499337,0.6827586206896552,0.40514,0.78302
0.6723357536499337,0.7168965517241379,0.41524,0.8556
0.6723357536499337,0.7510344827586207,0.42936,0.9065
0.6723357536499337,0.7851724137931035,0.44596,0.98216
0.6723357536499337,0.8193103448275862,0.45984,1.04726
0.6723357536499337,0.853448275862069,0.47814,1.13678
0.6723357536499337,0.8875862068965518,0.49444,1.21306
0.6723357536499337,0.9217241379310346,0.51872,1.29364
0.6723357536499337,0.9558620689655173,0.53424,1.4019
0.6723357536499337,0.99,0.55542,1.51554
0.7880462815669912,0.0,0.20852,0.0
0.7880462815669912,0.03413793103448276,0.21076,0.02802
0.7880462815669912,0.06827586206896552,0.21646,0.0564
0.7880462815669912,0.10241379310344828,0.22098,0.08552
0.7880462815669912,0.13655172413793104,0.22604,0.11566
0.7880462815669912,0.1706896551724138,0.23084,0.15046
0.7880462815669912,0.20482758620689656,0.23696,0.181
0.7880462815669912,0.23896551724137932,0.24566,0.21682
0.7880462815669912,0.2731034482758621,0.24436,0.25266
0.7880462815669912,0.30724137931034484,0.25572,0.2918
0.7880462815669912,0.3413793103448276,0.26164,0.33538
0.7880462815669912,0.37551724137931036,0.2673,0.37436
0.7880462815669912,0.4096551724137931,0.27618,0.42046
0.7880462815669912,0.4437931034482759,0.28654,0.46234
0.7880462815669912,0.47793103448275864,0.28996,0.51066
0.7880462815669912,0.5120689655172415,0.30322,0.56256
0.7880462815669912,0.5462068965517242,0.31566,0.61534
0.7880462815669912,0.5803448275862069,0.3265,0.66752
0.7880462815669912,0.6144827586206897,0.33542,0.72838
0.7880462815669912,0.6486206896551725,0.34778,0.79266
0.7880462815669912,0.6827586206896552,0.36326,0.86036
0.7880462815669912,0.7168965517241379,0.37528,0.91526
0.7880462815669912,0.7510344827586207,0.38844,1.0031
0.7880462815669912,0.7851724137931035,0.40482,1.0902
0.7880462815669912,0.8193103448275862,0.42282,1.17722
0.7880462815669912,0.853448275862069,0.43356,1.25846
0.7880462815669912,0.8875862068965518,0.45816,1.36306
0.7880462815669912,0.9217241379310346,0.48084,1.46322
0.7880462815669912,0.9558620689655173,0.49854,1.58668
0.7880462815669912,0.99,0.52656,1.70238
0.9236708571873861,0.0,0.16716,0.0
0.9236708571873861,0.03413793103448276,0.16828,0.02966
0.9236708571873861,0.06827586206896552,0.17596,0.06046
0.9236708571873861,0.10241379310344828,0.17904,0.0938
0.9236708571873861,0.13655172413793104,0.18636,0.12478
0.9236708571873861,0.1706896551724138,0.18754,0.15556
0.9236708571873861,0.20482758620689656,0.19568,0.19504
0.9236708571873861,0.23896551724137932,0.20206,0.23128
0.9236708571873861,0.2731034482758621,0.20426,0.2695
0.9236708571873861,0.30724137931034484,0.21304,0.30966
0.9236708571873861,0.3413793103448276,0.22024,0.35396
0.9236708571873861,0.37551724137931036,0.22566,0.39866
0.9236708571873861,0.4096551724137931,0.2369,0.43634
0.9236708571873861,0.4437931034482759,0.24188,0.49212
0.9236708571873861,0.47793103448275864,0.2468,0.54558
0.9236708571873861,0.5120689655172415,0.25858,0.6064
0.9236708571873861,0.5462068965517242,0.2671,0.6609
0.9236708571873861,0.5803448275862069,0.28006,0.7175
0.9236708571873861,0.6144827586206897,0.28846,0.79916
0.9236708571873861,0.6486206896551725,0.3028,0.86198
0.9236708571873861,0.6827586206896552,0.31602,0.93984
0.9236708571873861,0.7168965517241379,0.33244,1.02638
0.9236708571873861,0.7510344827586207,0.34218,1.11098
0.9236708571873861,0.7851724137931035,0.35828,1.21334
0.9236708571873861,0.8193103448275862,0.3785,1.30142
0.9236708571873861,0.853448275862069,0.38978,1.40504
0.9236708571873861,0.8875862068965518,0.41604,1.51886
0.9236708571873861,0.9217241379310346,0.43878,1.65674
0.9236708571873861,0.9558620689655173,0.46476,1.7999
0.9236708571873861,0.99,0.49386,1.96256
1.0826367338740546,0.0,0.13012,0.0
1.0826367338740546,0.03413793103448276,0.13666,0.03024
1.0826367338740546,0.06827586206896552,0.1395,0.06302
1.0826367338740546,0.10241379310344828,0.14398,0.097
1.0826367338740546,0.13655172413793104,0.14408,0.12698
1.0826367338740546,0.1706896551724138,0.15188,0.1653
1.0826367338740546,0.20482758620689656,0.15514,0.20034
1.0826367338740546,0.23896551724137932,0.16214,0.24294
1.0826367338740546,0.2731034482758621,0.1676,0.28878
1.0826367338740546,0.30724137931034484,0.17442,0.32562
1.0826367338740546,0.3413793103448276,0.18102,0.36884
1.0826367338740546,0.37551724137931036,0.18382,0.41692
1.0826367338740546,0.4096551724137931,0.19254,0.46938
1.0826367338740546,0.4437931034482759,0.20068,0.53272
1.0826367338740546,0.47793103448275864,0.20886,0.57616
1.0826367338740546,0.5120689655172415,0.21734,0.6406
1.0826367338740546,0.5462068965517242,0.2245,0.70962
1.0826367338740546,0.5803448275862069,0.23408,0.7811
1.0826367338740546,0.6144827586206897,0.2463,0.85566
1.0826367338740546,0.6486206896551725,0.25972,0.92064
1.0826367338740546,0.6827586206896552,0.26924,1.01028
1.0826367338740546,0.7168965517241379,0.28678,1.1092
1.0826367338740546,0.7510344827586207,0.29764,1.21024
1.0826367338740546,0.7851724137931035,0.31126,1.30634
1.0826367338740546,0.8193103448275862,0.33218,1.43428
1.0826367338740546,0.853448275862069,0.35302,1.5504
1.0826367338740546,0.8875862068965518,0.37136,1.71334
1.0826367338740546,0.9217241379310346,0.40118,1.8613
1.0826367338740546,0.9558620689655173,0.4287,2.0251
1.0826367338740546,0.99,0.45274,2.22372
1.2689610031679222,0.0,0.10134,0.0
1.2689610031679222,0.03413793103448276,0.10528,0.03212
1.2689610031679222,0.06827586206896552,0.10506,0.06408
1.2689610031679222,0.10241379310344828,0.1111,0.0978
1.2689610031679222,0.13655172413793104,0.11484,0.13468
1.2689610031679222,0.1706896551724138,0.1199,0.17114
1.2689610031679222,0.20482758620689656,0.12302,0.21592
1.2689610031679222,0.23896551724137932,0.12876,0.24956
1.2689610031679222,0.2731034482758621,0.12982,0.29612
1.2689610031679222,0.30724137931034484,0.1372,0.3397
1.2689610031679222,0.3413793103448276,0.14338,0.39572
1.2689610031679222,0.37551724137931036,0.14588,0.44216
1.2689610031679222,0.4096551724137931,0.1544,0.50216
1.2689610031679222,0.4437931034482759,0.16046,0.56118
1.2689610031679222,0.47793103448275864,0.16588,0.61596
1.2689610031679222,0.5120689655172415,0.1769,0.68222
1.2689610031679222,0.5462068965517242,0.18232,0.75282
1.2689610031679222,0.5803448275862069,0.19032,0.83274
1.2689610031679222,0.6144827586206897,0.20564,0.92156
1.2689610031679222,0.6486206896551725,0.21572,0.9995
1.2689610031679222,0.6827586206896552,0.22662,1.0917
1.2689610031679222,0.7168965517241379,0.24058,1.20038
1.2689610031679222,0.7510344827586207,0.25396,1.32392
1.2689610031679222,0.7851724137931035,0.27226,1.43624
1.2689610031679222,0.8193103448275862,0.28688,1.56242
1.2689610031679222,0.853448275862069,0.30922,1.73508
1.2689610031679222,0.8875862068965518,0.3284,1.88324
1.2689610031679222,0.9217241379310346,0.3565,2.08486
1.2689610031679222,0.9558620689655173,0.3887,2.2948
1.2689610031679222,0.99,0.4227,2.5541
1.487352107293511,0.0,0.07676,0.0
1.487352107293511,0.03413793103448276,0.07702,0.03232
1.487352107293511,0.06827586206896552,0.08042,0.066
1.487352107293511,0.10241379310344828,0.0819,0.09802
1.487352107293511,0.13655172413793104,0.08406,0.14168
1.487352107293511,0.1706896551724138,0.08922,0.17822
1.487352107293511,0.20482758620689656,0.09244,0.22388
1.487352107293511,0.23896551724137932,0.09504,0.25876
1.487352107293511,0.2731034482758621,0.0999,0.31332
1.487352107293511,0.30724137931034484,0.10174,0.36204
1.487352107293511,0.3413793103448276,0.10706,0.40978
1.487352107293511,0.37551724137931036,0.11168,0.46644
1.487352107293511,0.4096551724137931,0.11932,0.52938
1.487352107293511,0.4437931034482759,0.12666,0.5884
1.487352107293511,0.47793103448275864,0.13418,0.65384
1.487352107293511,0.5120689655172415,0.1391,0.717
1.487352107293511,0.5462068965517242,0.1465,0.80194
1.487352107293511,0.5803448275862069,0.15378,0.88214
1.487352107293511,0.6144827586206897,0.16484,0.96546
1.487352107293511,0.6486206896551725,0.17194,1.07278
1.487352107293511,0.6827586206896552,0.1829,1.17234
1.487352107293511,0.7168965517241379,0.19818,1.28342
1.487352107293511,0.7510344827586207,0.21198,1.40506
1.487352107293511,0.7851724137931035,0.22736,1.55162
1.487352107293511,0.8193103448275862,0.24698,1.7204
1.487352107293511,0.853448275862069,0.26584,1.89026
1.487352107293511,0.8875862068965518,0.2889,2.1106
1.487352107293511,0.9217241379310346,0.31286,2.32624
1.487352107293511,0.9558620689655173,0.34776,2.60298
1.487352107293511,0.99,0.38294,2.88744
1.743328822199988,0.0,0.05322,0.0
1.743328822199988,0.03413793103448276,0.05512,0.03252
1.743328822199988,0.06827586206896552,0.05666,0.06818
1.743328822199988,0.10241379310344828,0.05924,0.10428
1.743328822199988,0.13655172413793104,0.05958,0.14026
1.743328822199988,0.1706896551724138,0.06324,0.18362
1.743328822199988,0.20482758620689656,0.06634,0.23062
1.743328822199988,0.23896551724137932,0.06992,0.2771
1.743328822199988,0.2731034482758621,0.07032,0.31916
1.743328822199988,0.30724137931034484,0.07452,0.3697
1.743328822199988,0.3413793103448276,0.07968,0.4191
1.743328822199988,0.37551724137931036,0.08462,0.48768
1.743328822199988,0.4096551724137931,0.08718,0.54258
1.743328822199988,0.4437931034482759,0.09468,0.61438
1.743328822199988,0.47793103448275864,0.10026,0.68278
1.743328822199988,0.5120689655172415,0.10406,0.75786
1.743328822199988,0.5462068965517242,0.10674,0.83774
1.743328822199988,0.5803448275862069,0.1177,0.92638
1.743328822199988,0.6144827586206897,0.12728,1.02608
1.743328822199988,0.6486206896551725,0.13416,1.14384
1.743328822199988,0.6827586206896552,0.14766,1.24148
1.743328822199988,0.7168965517241379,0.1575,1.38356
1.743328822199988,0.7510344827586207,0.17006,1.5198
1.743328822199988,0.7851724137931035,0.18714,1.69206
1.743328822199988,0.8193103448275862,0.20286,1.87082
1.743328822199988,0.853448275862069,0.22066,2.0824
1.743328822199988,0.8875862068965518,0.24884,2.3065
1.743328822199988,0.9217241379310346,0.2787,2.59934
1.743328822199988,0.9558620689655173,0.3111,2.94294
1.743328822199988,0.99,0.3509,3.34696
2.0433597178569416,0.0,0.03604,0.0
2.0433597178569416,0.03413793103448276,0.03734,0.03342
2.0433597178569416,0.06827586206896552,0.03876,0.06962
2.0433597178569416,0.10241379310344828,0.04104,0.1047
2.0433597178569416,0.13655172413793104,0.04348,0.14874
2.0433597178569416,0.1706896551724138,0.04218,0.18216
2.0433597178569416,0.20482758620689656,0.04716,0.23466
2.0433597178569416,0.23896551724137932,0.05,0.28062
2.0433597178569416,0.2731034482758621,0.0523,0.32762
2.0433597178569416,0.30724137931034484,0.05282,0.38112
2.0433597178569416,0.3413793103448276,0.0575,0.43688
2.0433597178569416,0.37551724137931036,0.0597,0.4951
2.0433597178569416,0.4096551724137931,0.0636,0.54896
2.0433597178569416,0.4437931034482759,0.06676,0.62986
2.0433597178569416,0.47793103448275864,0.07244,0.69998
2.0433597178569416,0.5120689655172415,0.0754,0.7891
2.0433597178569416,0.5462068965517242,0.08088,0.87466
2.0433597178569416,0.5803448275862069,0.08566,0.96622
2.0433597178569416,0.6144827586206897,0.09298,1.06692
2.0433597178569416,0.6486206896551725,0.10222,1.19472
2.0433597178569416,0.6827586206896552,0.11004,1.32148
2.0433597178569416,0.7168965517241379,0.12472,1.46752
2.0433597178569416,0.7510344827586207,0.13346,1.6393
2.0433597178569416,0.7851724137931035,0.14734,1.80888
2.0433597178569416,0.8193103448275862,0.16378,2.01422
2.0433597178569416,0.853448275862069,0.18304,2.2743
2.0433597178569416,0.8875862068965518,0.20728,2.55552
2.0433597178569416,0.9217241379310346,0.23104,2.87394
2.0433597178569416,0.9558620689655173,0.27258,3.30506
2.0433597178569416,0.99,0.32008,3.81342
2.395026619987486,0.0,0.02346,0.0
2.395026619987486,0.03413793103448276,0.02326,0.03566
2.395026619987486,0.06827586206896552,0.02514,0.06926
2.395026619987486,0.10241379310344828,0.0258,0.10984
2.395026619987486,0.13655172413793104,0.027,0.14928
2.395026619987486,0.1706896551724138,0.0295,0.19156
2.395026619987486,0.20482758620689656,0.02958,0.23432
2.395026619987486,0.23896551724137932,0.0319,0.2858
2.395026619987486,0.2731034482758621,0.03402,0.33928
2.395026619987486,0.30724137931034484,0.0353,0.38346
2.395026619987486,0.3413793103448276,0.03568,0.43524
2.395026619987486,0.37551724137931036,0.04006,0.50516
2.395026619987486,0.4096551724137931,0.04354,0.57492
2.395026619987486,0.4437931034482759,0.0454,0.64742
2.395026619987486,0.47793103448275864,0.0489,0.72182
2.395026619987486,0.5120689655172415,0.05378,0.80392
2.395026619987486,0.5462068965517242,0.05852,0.89738
2.395026619987486,0.5803448275862069,0.06214,0.9974
2.395026619987486,0.6144827586206897,0.06878,1.12312
2.395026619987486,0.6486206896551725,0.07374,1.23604
2.395026619987486,0.6827586206896552,0.08272,1.38454
2.395026619987486,0.7168965517241379,0.09146,1.53362
2.395026619987486,0.7510344827586207,0.1025,1.72962
2.395026619987486,0.7851724137931035,0.112,1.91842
2.395026619987486,0.8193103448275862,0.12786,2.16394
2.395026619987486,0.853448275862069,0.14748,2.4384
2.395026619987486,0.8875862068965518,0.1687,2.79458
2.395026619987486,0.9217241379310346,0.19884,3.21338
2.395026619987486,0.9558620689655173,0.234,3.70726
2.395026619987486,0.99,0.28294,4.37066
2.807216203941177,0.0,0.01366,0.0
2.807216203941177,0.03413793103448276,0.01466,0.03288
2.807216203941177,0.06827586206896552,0.01408,0.07096
2.807216203941177,0.10241379310344828,0.01512,0.10734
2.807216203941177,0.13655172413793104,0.01648,0.1504
2.807216203941177,0.1706896551724138,0.01702,0.192
2.807216203941177,0.20482758620689656,0.01866,0.24174
2.807216203941177,0.23896551724137932,0.019,0.28864
2.807216203941177,0.2731034482758621,0.0193,0.33744
2.807216203941177,0.30724137931034484,0.022,0.39528
2.807216203941177,0.3413793103448276,0.02428,0.4537
2.807216203941177,0.37551724137931036,0.02456,0.5037
2.807216203941177,0.4096551724137931,0.02748,0.5884
2.807216203941177,0.4437931034482759,0.03082,0.66694
2.807216203941177,0.47793103448275864,0.03188,0.74396
2.807216203941177,0.5120689655172415,0.03558,0.832
2.807216203941177,0.5462068965517242,0.0366,0.92114
2.807216203941177,0.5803448275862069,0.04162,1.02324
2.807216203941177,0.6144827586206897,0.04512,1.1657
2.807216203941177,0.6486206896551725,0.0493,1.28906
2.807216203941177,0.6827586206896552,0.05654,1.43458
2.807216203941177,0.7168965517241379,0.06324,1.60854
2.807216203941177,0.7510344827586207,0.0717,1.791
2.807216203941177,0.7851724137931035,0.08166,2.02506
2.807216203941177,0.8193103448275862,0.09858,2.31232
2.807216203941177,0.853448275862069,0.11172,2.60292
2.807216203941177,0.8875862068965518,0.13456,2.99638
2.807216203941177,0.9217241379310346,0.16228,3.49224
2.807216203941177,0.9558620689655173,0.2008,4.13688
2.807216203941177,0.99,0.25532,5.00514
3.2903445623126677,0.0,0.00804,0.0
3.2903445623126677,0.03413793103448276,0.00862,0.03428
3.2903445623126677,0.06827586206896552,0.0089,0.07112
3.2903445623126677,0.10241379310344828,0.00876,0.11154
3.2903445623126677,0.13655172413793104,0.00884,0.15008
3.2903445623126677,0.1706896551724138,0.0096,0.1938
3.2903445623126677,0.20482758620689656,0.0099,0.23638
3.2903445623126677,0.23896551724137932,0.01172,0.2886
3.2903445623126677,0.2731034482758621,0.01208,0.34062
3.2903445623126677,0.30724137931034484,0.01338,0.40216
3.2903445623126677,0.3413793103448276,0.0138,0.45846
3.2903445623126677,0.37551724137931036,0.0144,0.51624
3.2903445623126677,0.4096551724137931,0.01626,0.58714
3.2903445623126677,0.4437931034482759,0.0176,0.66638
3.2903445623126677,0.47793103448275864,0.01934,0.74958
3.2903445623126677,0.5120689655172415,0.0202,0.84144
3.2903445623126677,0.5462068965517242,0.02282,0.9413
3.2903445623126677,0.5803448275862069,0.02596,1.04648
3.2903445623126677,0.6144827586206897,0.0291,1.1651
3.2903445623126677,0.6486206896551725,0.03228,1.32132
3.2903445623126677,0.6827586206896552,0.03754,1.47138
3.2903445623126677,0.7168965517241379,0.04332,1.65088
3.2903445623126677,0.7510344827586207,0.04708,1.87538
3.2903445623126677,0.7851724137931035,0.05748,2.11562
3.2903445623126677,0.8193103448275862,0.06996,2.40308
3.2903445623126677,0.853448275862069,0.08318,2.7723
3.2903445623126677,0.8875862068965518,0.10076,3.22728
3.2903445623126677,0.9217241379310346,0.12984,3.82714
3.2903445623126677,0.9558620689655173,0.16454,4.61352
3.2903445623126677,0.99,0.22226,5.70304
3.856620421163472,0.0,0.00386,0.0
3.856620421163472,0.03413793103448276,0.00422,0.03322
3.856620421163472,0.06827586206896552,0.00418,0.07312
3.856620421163472,0.10241379310344828,0.00468,0.10918
3.856620421163472,0.13655172413793104,0.00576,0.15234
3.856620421163472,0.1706896551724138,0.00502,0.19656
3.856620421163472,0.20482758620689656,0.00572,0.24292
3.856620421163472,0.23896551724137932,0.00656,0.28816
3.856620421163472,0.2731034482758621,0.00674,0.34652
3.856620421163472,0.30724137931034484,0.00656,0.40058
3.856620421163472,0.3413793103448276,0.00746,0.45758
3.856620421163472,0.37551724137931036,0.00772,0.52746
3.856620421163472,0.4096551724137931,0.0089,0.60094
3.856620421163472,0.4437931034482759,0.00962,0.67272
3.856620421163472,0.47793103448275864,0.01038,0.75878
3.856620421163472,0.5120689655172415,0.01266,0.85532
3.856620421163472,0.5462068965517242,0.01326,0.9585
3.856620421163472,0.5803448275862069,0.01382,1.0633
3.856620421163472,0.6144827586206897,0.01638,1.17424
3.856620421163472,0.6486206896551725,0.01952,1.3278
3.856620421163472,0.6827586206896552,0.02346,1.49888
3.856620421163472,0.7168965517241379,0.02576,1.68874
3.856620421163472,0.7510344827586207,0.03244,1.92036
3.856620421163472,0.7851724137931035,0.03754,2.17974
3.856620421163472,0.8193103448275862,0.0469,2.5114
3.856620421163472,0.853448275862069,0.05868,2.91952
3.856620421163472,0.8875862068965518,0.07334,3.39582
3.856620421163472,0.9217241379310346,0.09768,4.07366
3.856620421163472,0.9558620689655173,0.13316,5.006
3.856620421163472,0.99,0.19258,6.59102
4.520353656360243,0.0,0.00144,0.0
4.520353656360243,0.03413793103448276,0.00174,0.03244
4.520353656360243,0.06827586206896552,0.00178,0.07428
4.520353656360243,0.10241379310344828,0.00194,0.10988
4.520353656360243,0.13655172413793104,0.00194,0.15334
4.520353656360243,0.1706896551724138,0.00218,0.19518
4.520353656360243,0.20482758620689656,0.00262,0.2437
4.520353656360243,0.23896551724137932,0.00306,0.2948
4.520353656360243,0.2731034482758621,0.00324,0.3492
4.520353656360243,0.30724137931034484,0.00326,0.3974
4.520353656360243,0.3413793103448276,0.0038,0.46716
4.520353656360243,0.37551724137931036,0.00442,0.52848
4.520353656360243,0.4096551724137931,0.00444,0.59772
4.520353656360243,0.4437931034482759,0.0048,0.67828
4.520353656360243,0.47793103448275864,0.0057,0.76
4.520353656360243,0.5120689655172415,0.00646,0.85936
4.520353656360243,0.5462068965517242,0.0075,0.95988
4.520353656360243,0.5803448275862069,0.0091,1.07686
4.520353656360243,0.6144827586206897,0.00872,1.20408
4.520353656360243,0.6486206896551725,0.01082,1.35476
4.520353656360243,0.6827586206896552,0.01354,1.52168
4.520353656360243,0.7168965517241379,0.01604,1.72546
4.520353656360243,0.7510344827586207,0.01838,1.95404
4.520353656360243,0.7851724137931035,0.02302,2.22664
4.520353656360243,0.8193103448275862,0.02868,2.5505
4.520353656360243,0.853448275862069,0.0376,2.9866
4.520353656360243,0.8875862068965518,0.0507,3.57522
4.520353656360243,0.9217241379310346,0.07164,4.36078
4.520353656360243,0.9558620689655173,0.1067,5.5368
4.520353656360243,0.99,0.16522,7.5156
5.298316906283707,0.0,0.00066,0.0
5.298316906283707,0.03413793103448276,0.00078,0.03572
5.298316906283707,0.06827586206896552,0.00072,0.07238
5.298316906283707,0.10241379310344828,0.0006,0.1114
5.298316906283707,0.13655172413793104,0.00076,0.15368
5.298316906283707,0.1706896551724138,0.00108,0.1961
5.298316906283707,0.20482758620689656,0.0009,0.24506
5.298316906283707,0.23896551724137932,0.0009,0.29592
5.298316906283707,0.2731034482758621,0.00106,0.35008
5.298316906283707,0.30724137931034484,0.00126,0.40248
5.298316906283707,0.3413793103448276,0.00152,0.46134
5.298316906283707,0.37551724137931036,0.00188,0.52842
5.298316906283707,0.4096551724137931,0.00178,0.59816
5.298316906283707,0.4437931034482759,0.00188,0.6774
5.298316906283707,0.47793103448275864,0.00258,0.78206
5.298316906283707,0.5120689655172415,0.00322,0.86632
5.298316906283707,0.5462068965517242,0.00342,0.9588
5.298316906283707,0.5803448275862069,0.00386,1.08518
5.298316906283707,0.6144827586206897,0.00458,1.21188
5.298316906283707,0.6486206896551725,0.005,1.3561
5.298316906283707,0.6827586206896552,0.00662,1.55558
5.298316906283707,0.7168965517241379,0.00772,1.7445
5.298316906283707,0.7510344827586207,0.01004,1.97628
5.298316906283707,0.7851724137931035,0.01276,2.28056
5.298316906283707,0.8193103448275862,0.01898,2.62586
5.298316906283707,0.853448275862069,0.02376,3.09318
5.298316906283707,0.8875862068965518,0.033,3.6941
5.298316906283707,0.9217241379310346,0.04924,4.57044
5.298316906283707,0.9558620689655173,0.07854,5.9968
5.298316906283707,0.99,0.13792,8.43464
6.2101694189156165,0.0,0.0002,0.0
6.2101694189156165,0.03413793103448276,0.00018,0.034
6.2101694189156165,0.06827586206896552,0.00032,0.0707
6.2101694189156165,0.10241379310344828,0.00014,0.11312
6.2101694189156165,0.13655172413793104,0.00026,0.15376
6.2101694189156165,0.1706896551724138,0.00026,0.1982
6.2101694189156165,0.20482758620689656,0.00028,0.24592
6.2101694189156165,0.23896551724137932,0.00062,0.29524
6.2101694189156165,0.2731034482758621,0.0005,0.34168
6.2101694189156165,0.30724137931034484,0.00066,0.4053
6.2101694189156165,0.3413793103448276,0.00048,0.46606
6.2101694189156165,0.37551724137931036,0.00068,0.5393
6.2101694189156165,0.4096551724137931,0.0006,0.59586
6.2101694189156165,0.4437931034482759,0.0011,0.67854
6.2101694189156165,0.47793103448275864,0.00094,0.76854
6.2101694189156165,0.5120689655172415,0.00128,0.87422
6.2101694189156165,0.5462068965517242,0.00126,0.9743
6.2101694189156165,0.5803448275862069,0.00136,1.09196
6.2101694189156165,0.6144827586206897,0.00202,1.2269
6.2101694189156165,0.6486206896551725,0.00256,1.3795
6.2101694189156165,0.6827586206896552,0.0034,1.5382
6.2101694189156165,0.7168965517241379,0.00418,1.75156
6.2101694189156165,0.7510344827586207,0.00512,1.97388
6.2101694189156165,0.7851724137931035,0.0063,2.27782
6.2101694189156165,0.8193103448275862,0.00966,2.67958
6.2101694189156165,0.853448275862069,0.01312,3.15118
6.2101694189156165,0.8875862068965518,0.02114,3.83824
6.2101694189156165,0.9217241379310346,0.03182,4.77058
6.2101694189156165,0.9558620689655173,0.05592,6.38904
6.2101694189156165,0.99,0.11506,9.59448
7.27895384398315,0.0,6e-05,0.0
7.27895384398315,0.03413793103448276,6e-05,0.03672
7.27895384398315,0.06827586206896552,0.0001,0.07094
7.27895384398315,0.10241379310344828,6e-05,0.11116
7.27895384398315,0.13655172413793104,0.00012,0.15064
7.27895384398315,0.1706896551724138,6e-05,0.19328
7.27895384398315,0.20482758620689656,4e-05,0.24208
7.27895384398315,0.23896551724137932,0.0002,0.29382
7.27895384398315,0.2731034482758621,0.0001,0.35098
7.27895384398315,0.30724137931034484,0.00012,0.4014
7.27895384398315,0.3413793103448276,0.00014,0.46114
7.27895384398315,0.37551724137931036,0.00022,0.52836
7.27895384398315,0.4096551724137931,0.00026,0.60198
7.27895384398315,0.4437931034482759,0.00022,0.67698
7.27895384398315,0.47793103448275864,0.00028,0.76628
7.27895384398315,0.5120689655172415,0.00038,0.87092
7.27895384398315,0.5462068965517242,0.00066,0.96674
7.27895384398315,0.5803448275862069,0.00068,1.08914
7.27895384398315,0.6144827586206897,0.00082,1.22692
7.27895384398315,0.6486206896551725,0.00102,1.37518
7.27895384398315,0.6827586206896552,0.0011,1.54202
7.27895384398315,0.7168965517241379,0.0015,1.76072
7.27895384398315,0.7510344827586207,0.00218,2.02368
7.27895384398315,0.7851724137931035,0.00268,2.29102
7.27895384398315,0.8193103448275862,0.00468,2.71938
7.27895384398315,0.853448275862069,0.00654,3.1685
7.27895384398315,0.8875862068965518,0.011,3.89494
7.27895384398315,0.9217241379310346,0.01972,4.90074
7.27895384398315,0.9558620689655173,0.03932,6.70134
7.27895384398315,0.99,0.094,10.77698
8.531678524172806,0.0,0.0,0.0
8.531678524172806,0.03413793103448276,6e-05,0.0364
8.531678524172806,0.06827586206896552,6e-05,0.07454
8.531678524172806,0.10241379310344828,4e-05,0.10948
8.531678524172806,0.13655172413793104,2e-05,0.14992
8.531678524172806,0.1706896551724138,2e-05,0.19532
8.531678524172806,0.20482758620689656,8e-05,0.24346
8.531678524172806,0.23896551724137932,0.0,0.29474
8.531678524172806,0.2731034482758621,6e-05,0.34378
8.531678524172806,0.30724137931034484,4e-05,0.4032
8.531678524172806,0.3413793103448276,2e-05,0.46038
8.531678524172806,0.37551724137931036,0.0001,0.52522
8.531678524172806,0.4096551724137931,0.0001,0.59752
8.531678524172806,0.4437931034482759,0.00012,0.68134
8.531678524172806,0.47793103448275864,0.0001,0.77358
8.531678524172806,0.5120689655172415,0.00018,0.8619
8.531678524172806,0.5462068965517242,0.00012,0.95358
8.531678524172806,0.5803448275862069,0.0002,1.0811
8.531678524172806,0.6144827586206897,0.0003,1.21608
8.531678524172806,0.6486206896551725,0.0003,1.3716
8.531678524172806,0.6827586206896552,0.00052,1.55452
8.531678524172806,0.7168965517241379,0.0007,1.74898
8.531678524172806,0.7510344827586207,0.00066,1.99744
8.531678524172806,0.7851724137931035,0.00136,2.29648
8.531678524172806,0.8193103448275862,0.00208,2.69746
8.531678524172806,0.853448275862069,0.00328,3.2131
8.531678524172806,0.8875862068965518,0.0053,3.91538
8.531678524172806,0.9217241379310346,0.0106,4.96058
8.531678524172806,0.9558620689655173,0.02548,6.95298
8.531678524172806,0.99,0.07404,11.98186
10.0,0.0,2e-05,0.0
10.0,0.03413793103448276,0.0,0.035
10.0,0.06827586206896552,0.0,0.0715
10.0,0.10241379310344828,4e-05,0.11134
10.0,0.13655172413793104,0.0,0.15486
10.0,0.1706896551724138,0.0,0.19672
10.0,0.20482758620689656,0.0,0.23996
10.0,0.23896551724137932,0.0,0.29094
10.0,0.2731034482758621,4e-05,0.34624
10.0,0.30724137931034484,2e-05,0.40342
10.0,0.3413793103448276,4e-05,0.46176
10.0,0.37551724137931036,0.0,0.52632
10.0,0.4096551724137931,2e-05,0.59964
10.0,0.4437931034482759,0.0,0.67886
10.0,0.47793103448275864,0.0,0.76998
10.0,0.5120689655172415,4e-05,0.86224
10.0,0.5462068965517242,0.0,0.98172
10.0,0.5803448275862069,4e-05,1.09374
10.0,0.6144827586206897,0.0001,1.21818
10.0,0.6486206896551725,0.00014,1.391
10.0,0.6827586206896552,0.00016,1.53762
10.0,0.7168965517241379,0.00012,1.74602
10.0,0.7510344827586207,0.0003,2.02752
10.0,0.7851724137931035,0.00044,2.30346
10.0,0.8193103448275862,0.00068,2.69624
10.0,0.853448275862069,0.00136,3.2277
10.0,0.8875862068965518,0.00258,3.98374
10.0,0.9217241379310346,0.0053,5.07702
10.0,0.9558620689655173,0.01436,7.1715
10.0,0.99,0.0576,13.12816
